,Permit..,Issued.Date,Applied,Approval,Permit.Type,Permit.Sub.Type,Address,Description,Contractor.Name,RECORDID
49,BLDG22-0049,03/07/2022,1/4/2022,3/2/2022,COMMERCIAL,TENANT FINISH,11059 DOVER ST #2000,TF for Rep Fitness ste 2000,Marcy Forbes,ECON:220104055140507
104,BLDG22-0104,,1/9/2022,,COMMERCIAL,TENANT FINISH,801 W 116TH AVE #100,Phase 3 - Equipment and DHA,Alcorn Construction,ECON:220109081342867
147,BLDG22-0147,,1/10/2022,,COMMERCIAL,TENANT FINISH,11100 VRAIN ST,Interior remodel to create a s...,TBD,EPRS:220110060528424
260,BLDG22-0260,03/08/2022,1/13/2022,3/8/2022,COMMERCIAL,TENANT FINISH,10343 FEDERAL BLVD N,TF for Lucent Dentistry MEP's ...,"BVB GENERAL CONTRACTORS, LLC",ECON:220113042315452
327,BLDG22-0327,,1/17/2022,,COMMERCIAL,BUILDING,8787 TURNPIKE DR #210,TF for Westminster Eye Care,MPB CONTRACTORS INC,ECON:220117045518541
328,BLDG22-0328,03/08/2022,1/17/2022,2/1/2022,COMMERCIAL,BUILDING,8787 TURNPIKE DR 220,Remodel expansion for CO staff...,MPB CONTRACTORS INC,ECON:220117050640618
330,BLDG22-0330,,1/17/2022,,COMMERCIAL,BUILDING,9983 WADSWORTH PKWY,plumbing remodel for King Soop...,GW MECHANICAL AND EXCAVATION L...,ECON:220117060509832
362,BLDG22-0362,04/25/2022,1/18/2022,4/21/2022,COMMERCIAL,TENANT FINISH,10450 TOWN CENTER DR 100,Sephora,BOGART CONSTRUCTION,EPRS:220118070643381
398,BLDG22-0398,02/15/2022,1/20/2022,2/15/2022,COMMERCIAL,TENANT FINISH,1120 W 122ND AVE #105,Tenant Finish for Fidelity-The...,D & E CONSTRUCTION INC,ECON:220120093954870
408,BLDG22-0408,03/10/2022,1/20/2022,3/10/2022,COMMERCIAL,BUILDING,13150 HURON ST,Big Dry Creek WWTF Anoxic Upgr...,"GLACIER CONSTRUCTION CO., INC",ECON:220120123925194
436,BLDG22-0436,,1/21/2022,4/5/2022,COMMERCIAL,TENANT FINISH,5815 W 89TH AVE,TF for Westminster Alley Food ...,PG ARNOLD CONSTRUCTION,ECON:220121025745788
441,BLDG22-0441,,1/24/2022,,COMMERCIAL,TENANT FINISH,10448 TOWN CENTER DR #101,Electrical wiring and installa...,Ronny Roach,EPRS:220124072338144
549,BLDG22-0549,02/10/2022,1/27/2022,2/9/2022,COMMERCIAL TRAILER,CONSTRUCTION TRAILER,13150 HURON ST,Big Dry Creek WWTF Anoxic Upgr...,"GLACIER CONSTRUCTION CO., INC",ECON:220127031417638
550,BLDG22-0550,02/09/2022,1/27/2022,2/8/2022,COMMERCIAL TRAILER,CONSTRUCTION TRAILER,13150 HURON ST,Big Dry Creek WWTF Anoxic Upgr...,"GLACIER CONSTRUCTION CO., INC",ECON:220127031631680
584,BLDG22-0584,,1/31/2022,,COMMERCIAL,TENANT FINISH,6400 W 92ND AVE,Remodel existing Optical Offic...,jing wu,EPRS:220131013837462
588,BLDG22-0588,03/11/2022,1/31/2022,3/10/2022,COMMERCIAL,TENANT FINISH,14315 ORCHARD PKWY #200,TF for Rumble,Snyder Building Construction L...,ECON:220131025603358
597,BLDG22-0597,03/22/2022,1/31/2022,3/21/2022,COMMERCIAL,TENANT FINISH,8787 TURNPIKE DR #210,TF for Westminster Eye Care,MPB CONTRACTORS INC,ECON:220131045348259
599,BLDG22-0599,08/08/2022,1/31/2022,2/28/2022,COMMERCIAL,BUILDING,6400 W 92ND AVE,Remodel existing Optical Offic...,MG2,ECON:220131062409915
656,BLDG22-0656,,2/3/2022,,COMMERCIAL,TENANT FINISH,801 W 116TH AVE #100,Access Control System,HOME SECURITY CENTERS INC,ECON:220203034047233
663,BLDG22-0663,02/08/2022,2/4/2022,2/8/2022,COMMERCIAL,SEWER REPAIR,7320 FEDERAL BLVD,8' SPOT REPAIR IN BACK YARD AN...,TRENCH RIGHT,ECON:220204070012537
760,BLDG22-0760,02/16/2022,2/8/2022,2/16/2022,COMMERCIAL,SEWER REPAIR,7287 LOWELL BLVD,Capping and cutting off the ex...,AFFORD A ROOTER,ECON:220208115758160
761,BLDG22-0761,,2/8/2022,,COMMERCIAL,WATER REPAIR,7287 LOWELL BLVD,Capping and cutting off the ex...,AFFORD A ROOTER,ECON:220208120051241
814,BLDG22-0814,,2/9/2022,,COMMERCIAL,MECHANICAL,12110 PECOS ST #100,HVAC Remodel,A SQUARED MECHANICAL SOLUTIONS...,ECON:220209020529727
819,BLDG22-0819,03/09/2022,2/9/2022,3/9/2022,COMMERCIAL,TENANT FINISH,12225 PECOS ST #100,TF for Alliant Healthcare,PRADELL BUILDERS INC,ECON:220209051102957
827,BLDG22-0827,05/27/2022,2/10/2022,5/27/2022,COMMERCIAL,TENANT FINISH,8725 SHERIDAN BLVD #C,TF Rocky Mountain Sport & Spin...,DC GENERAL SERVICES INC,ECON:220210093630283
837,BLDG22-0837,03/28/2022,2/10/2022,2/17/2022,COMMERCIAL,BUILDING,7120 HOOKER ST,Repair stairs/ railings Abby a...,ALL PHASE RESTORATION,ECON:220210011554941
838,BLDG22-0838,,2/10/2022,,COMMERCIAL,BUILDING,7120 HOOKER ST,Repair/replace rotted stairs x...,ALL PHASE RESTORATION,ECON:220210011745017
839,BLDG22-0839,,2/10/2022,,COMMERCIAL,BUILDING,7120 HOOKER ST,Repair/replace rotted stairs x...,ALL PHASE RESTORATION,ECON:220210011942064
985,BLDG22-0985,02/17/2022,2/15/2022,2/17/2022,COMMERCIAL,WATER REPAIR,12000 ZUNI ST,Emergency water line leak repa...,MCCAULEY CONSTRUCTORS INC,EPRS:220215092457766
1007,BLDG22-1006,02/15/2022,2/15/2022,2/15/2022,COMMERCIAL,ELECTRICAL,9785 EAGLE VIEW LOOP BLDG EVA,Repair damaged electrical wiri...,Kelly Electrical Services,ECON:220215025159388
1055,BLDG22-1054,03/07/2022,2/16/2022,3/3/2022,COMMERCIAL,BUILDING,14521 ORCHARD PKWY #100,Remodel for Old Navy,WEEKES CONSTRUCTION INC.,ECON:220216030424075
1235,BLDG22-1234,,2/24/2022,,COMMERCIAL NEW,NEW BUILDING,4201 W 94TH AVE,Remodel and addition to Carol ...,FRANSEN PITTMAN GENERAL CONTRA...,ECON:220224090157761
1258,BLDG22-1257,06/01/2022,2/24/2022,5/19/2022,COMMERCIAL,BUILDING,4201 W 94TH AVE,Remodel and addition to Carol ...,FRANSEN PITTMAN GENERAL CONTRA...,ECON:220224031840937
1283,BLDG22-1282,,2/26/2022,,COMMERCIAL,TENANT FINISH,1120 W 122ND AVE #105,ACCESS CONTROL,KEY-RITE SECURITY,EPRS:220226074346485
1330,BLDG22-1329,,2/28/2022,,COMMERCIAL,ELECTRICAL,13644 ORCHARD PKWY #100,Tenant finish Wing Stop Restau...,Riviera Electric LLC,ECON:220228025252755
1345,BLDG22-1344,03/30/2022,2/28/2022,3/21/2022,COMMERCIAL,TENANT FINISH,12026 MELODY DR,Perfection Nails salon build o...,MIKE RUTTER CONSTRUCTION,ECON:220228095447636
1384,BLDG22-1383,,3/2/2022,,COMMERCIAL,TENANT FINISH,14584 ORCHARD PKWY BLDG E,Electrical,Brian King,EPRS:220302085557882
1387,BLDG22-1386,,3/2/2022,,COMMERCIAL,BUILDING,14697 DELAWARE ST #1300,TF for People's Pup Dog groomi...,,ECON:220302114453380
1399,BLDG22-1398,,3/2/2022,,COMMERCIAL,TENANT FINISH,12000 ZUNI ST,"Remodel of 13,000 SF school ba...",Michelle McIntosh,EPRS:220302063834855
1436,BLDG22-1435,,3/4/2022,,COMMERCIAL,MECHANICAL,3275 W 74TH AVE,Repair After Vandalism Damages...,Peter Chapa,EPRS:220304082808192
1441,BLDG22-1440,,3/4/2022,,COMMERCIAL,ELECTRICAL,3275 W 74TH AVE,Repair/Replace existing equipm...,CARRY THE LIGHT ELECTRIC,ECON:220304112111937
1443,BLDG22-1442,04/05/2022,3/4/2022,3/31/2022,COMMERCIAL,TENANT FINISH,12110 PECOS ST #250,Summit Pediatric for physical ...,SEVEN POINT CONSTRUCTION INC,EPRS:220304122148546
1464,BLDG22-1464,04/14/2022,3/7/2022,3/22/2022,COMMERCIAL,BUILDING,3275 W 74TH AVE,REPAIR VANDALISM DAMAGES,ASLAN CORPORATION,MSCA:220307010540139
1475,BLDG22-1475,03/14/2022,3/7/2022,3/10/2022,COMMERCIAL,WATER REPAIR,7287 LOWELL BLVD,Capping and cutting off the ex...,AFFORD A ROOTER,ECON:220307025441112
1479,BLDG22-1479,,3/7/2022,4/5/2022,COMMERCIAL,TENANT FINISH,9975 WADSWORTH PKWY #M4,TF for Wreck Room Bar / Grill ...,Colorado National Construction,ECON:220307051720036
1490,BLDG22-1490,05/06/2022,3/8/2022,5/4/2022,COMMERCIAL,TENANT FINISH,14697 DELAWARE ST #1300,TF for People's Pup Dog groomi...,HIVE CONSTRUCTION INC,ECON:220308111919106
1526,BLDG22-1528,,3/9/2022,,COMMERCIAL,BUILDING,7581 W 103RD AVE #300,Remodel for Inotiv/Plato BioPh...,ARCO Construction Holdings Inc,ECON:220309035506786
1559,BLDG22-1561,05/27/2022,3/11/2022,4/28/2022,COMMERCIAL,TENANT FINISH,4750 W 120TH AVE #100,TF for D1 fitness facility,CODA CONSTRUCTION GROUP,EPRS:220311125407450
1562,BLDG22-1564,04/14/2022,3/11/2022,4/13/2022,COMMERCIAL,TENANT FINISH,11080 CIRCLE POINT RD #210,TF for Ameriprise Financial,Ponderosa Construction Inc,ECON:220311023951237
1685,BLDG22-1688,,3/16/2022,,COMMERCIAL NEW,NEW BUILDING,12000 ZUNI ST,Commercial Basement Remodel,McCauley Constructors,EPRS:220316035935367
1688,BLDG22-1691,05/18/2022,3/16/2022,5/10/2022,COMMERCIAL,BUILDING,12000 ZUNI ST,Commercial Basement Remodel,MCCAULEY CONSTRUCTORS INC,EPRS:220316045234882
1732,BLDG22-1735,05/18/2022,3/18/2022,5/17/2022,COMMERCIAL,TENANT FINISH,14416 DELAWARE ST,Re-purpose Mimi's Cafe into pr...,RICH CONTRACTING COMPANY LLC,ECON:220318010659434
1737,BLDG22-1740,05/09/2022,3/19/2022,5/9/2022,COMMERCIAL,BUILDING,12308 BANNOCK ST BLDG 17,Renovate existing fitness cent...,,EPRS:220319040703899
1755,BLDG22-1758,,3/21/2022,,COMMERCIAL,TENANT FINISH,11080 CIRCLE POINT RD,INSTALLATION OF NEW EXIT ACCES...,Ponderosa Construction Inc,ECON:220321121209998
1761,BLDG22-1764,04/11/2022,3/21/2022,3/30/2022,COMMERCIAL,TENANT FINISH,8800 SHERIDAN BLVD,install new boiler in State Co...,DESIGN MECHANICAL INC,EPRS:220321011720946
1816,BLDG22-1819,03/28/2022,3/22/2022,3/28/2022,COMMERCIAL,BUILDING,3496 W 97TH AVE #75,Truss repairs from tree impact,RT1 Restoration Services LLC d...,ECON:220322110238784
1837,BLDG22-1840,,3/22/2022,,COMMERCIAL,BUILDING,3496 W 97TH AVE #74,chimney repairs,RT1 Restoration Services LLC d...,ECON:220322054200434
1902,BLDG22-1905,03/30/2022,3/26/2022,3/30/2022,COMMERCIAL,SEWER REPAIR,9085 MARSHALL CT,8' SPOT REPAIR IN FRONT YARD A...,TRENCH RIGHT,ECON:220326075927018
1916,BLDG22-1919,04/11/2022,3/28/2022,3/29/2022,COMMERCIAL,BUILDING,3496 W 97TH AVE #74,chimney repairs,RT1 Restoration Services LLC d...,ECON:220328103700182
1925,BLDG22-1928,,3/28/2022,,COMMERCIAL,TENANT FINISH,1501 W 124TH AVE #700,Add three offices to an existi...,JEAKINS CONSTRUCTION COMPANY L...,ECON:220328012357096
2008,BLDG22-2012,,3/30/2022,,COMMERCIAL,SEWER REPAIR,541 W 123RD AVE BLDG 9,complete tear off and re-roof ...,ECC LLC,ECON:220330123518203
2034,BLDG22-2038,05/05/2022,3/30/2022,4/28/2022,COMMERCIAL,TENANT FINISH,10385 WESTMOOR DR #100,TF for Genapsis,HOWELL CONSTRUCTION,EPRS:220330042747673
2115,BLDG22-2121,,4/4/2022,,COMMERCIAL,TENANT FINISH,6953 W 92ND LN,Install New 8068 Paired door A...,MOUNTAIN WAVE CONSTRUCTION INC,ECON:220404120700835
2138,BLDG22-2147,05/20/2022,4/5/2022,5/20/2022,COMMERCIAL,TENANT FINISH,11080 CIRCLE POINT RD 200,TF for KPA,LAYTON CONSTRUCTION dba INTERI...,EPRS:220405094453286
2186,BLDG22-2198,,4/6/2022,4/25/2022,COMMERCIAL,ELECTRICAL,7880 W 87TH DR,Repair of Crawlspace Wiring,BOSS ELECTRIC LLC,ECON:220406091024217
2196,BLDG22-2208,06/08/2022,4/7/2022,6/7/2022,COMMERCIAL,BUILDING,12000 ZUNI ST,Partial remodel Flatirons Acad...,MCCAULEY CONSTRUCTORS INC,EPRS:220407112432825
2213,BLDG22-2225,,4/8/2022,,COMMERCIAL,TENANT FINISH,6510 W 91ST AVE #108,interior remodel for Co Echo M...,BUERGER BROTHERS CONSTRUCTION ...,ECON:220408082322677
2219,BLDG22-2231,,4/8/2022,,COMMERCIAL TRAILER,CONSTRUCTION TRAILER,10445 REED ST,Target remodel with GC trailer...,"ROCHE CONSTRUCTORS, INC",ECON:220408010525526
2247,BLDG22-2260,,4/11/2022,,COMMERCIAL,TENANT FINISH,10168 WADSWORTH PKWY #100,Change of Use,Charanjit Dhaliwal,EPRS:220411125412212
2253,BLDG22-2266,05/10/2022,4/11/2022,5/4/2022,COMMERCIAL,BUILDING,10456 TOWN CENTER DR,Remodel TJ Maxx,MURRAY WOODCRAFT INCOROPORATED,ECON:220411021246675
2290,BLDG22-2303,05/19/2022,4/12/2022,5/19/2022,COMMERCIAL,TENANT FINISH,1765 W 121ST AVE #300,TF for Innovative Land Consult...,BUCKEYE CONSTRUCTION INC.,ECON:220412034813018
2412,BLDG22-2425,10/13/2022,4/15/2022,10/13/2022,COMMERCIAL,BUILDING,3053 W 104TH AVE,Legacy Pointe Remodel,JACO GENERAL CONTRACTOR,ECON:220415040927653
2496,BLDG22-2510,04/25/2022,4/19/2022,4/25/2022,COMMERCIAL,SEWER REPAIR,3750 W 72ND AVE,Commercial Sewer Line Repair W...,Elite Rooter,ECON:220419125041421
2501,BLDG22-2515,,4/19/2022,,COMMERCIAL,BUILDING,10385 WESTMOOR DR #100,Remodel of a lab space for Gen...,HOWELL CONSTRUCTION,ECON:220419021204820
2590,BLDG22-2606,,4/22/2022,4/28/2022,COMMERCIAL,WATER REPAIR,801 W 120TH AVE,100' water irrigation line ins...,THE ELITE PIPE MD,ECON:220422113531584
2598,BLDG22-2614,,4/22/2022,,COMMERCIAL,TENANT FINISH,6400 W 92ND AVE,POS Walk-in Cooler and Freezer...,TBD,EPRS:220422015145487
2697,BLDG22-2713,04/28/2022,4/27/2022,4/28/2022,COMMERCIAL,ELECTRICAL,3949 W 72ND AVE,Emergency Repair of Electrical...,JESCO ELECTRIC LLC,ECON:220427110346426
2704,BLDG22-2720,,4/27/2022,,COMMERCIAL,TENANT FINISH,8860 WESTMINSTER BLVD,Interior remodel of an existin...,,EPRS:220427015749549
2709,BLDG22-2725,,4/27/2022,,COMMERCIAL,TENANT FINISH,10385 WESTMOOR DR #125,TF for Genopsys of a lab space...,HOWELL CONSTRUCTION,ECON:220427031929430
2740,BLDG22-2756,,4/28/2022,,COMMERCIAL,TENANT FINISH,1885 W 120TH AVE #1300,Install ADA compliant restroom...,CREATIVE CONSTRUCTION ENTERPRI...,ECON:220428124140058
2824,BLDG22-2843,05/03/2022,5/3/2022,5/3/2022,COMMERCIAL,TENANT FINISH,11059 DOVER ST #1700,TF for gym at 1700,Marcy Forbes,MSCA:220503080232599
2873,BLDG22-2892,,5/4/2022,,COMMERCIAL,TENANT FINISH,14697 DELAWARE ST BLDG B,Turn lane closure,Eric Leet,EPRS:220504104641761
2899,BLDG22-2918,,5/4/2022,,COMMERCIAL,TENANT FINISH,8787 TURNPIKE DR #100,TF for Denver Springs,,ECON:220504073035304
3055,BLDG22-3073,08/01/2022,5/11/2022,8/1/2022,COMMERCIAL,TENANT FINISH,7655 W 88TH AVE,Thane's Table Tenant Finish CO...,ABHISHEKA BHARGAVA,ECON:220511020654743
3080,BLDG22-3098,06/13/2023,5/11/2022,8/11/2022,COMMERCIAL,TENANT FINISH,8805 EATON ST,TF for BONCHON Korean restaura...,FULL CIRCLE CONSTRUCTION PARTN...,EPRS:220511032826658
3085,BLDG22-3103,,5/11/2022,,COMMERCIAL,TENANT FINISH,7010 LOWELL BLVD,TF for Gerber Collision,,ECON:220511053722319
3156,BLDG22-3174,05/16/2022,5/16/2022,5/16/2022,COMMERCIAL,TENANT FINISH,,track it experiment,,NCAR:220516071442351
3158,BLDG22-3176,06/01/2022,5/16/2022,5/31/2022,COMMERCIAL,TENANT FINISH,12213 PECOS ST #300,TF for Grace in Balance create...,NORTH FOREST OFFICE SPACE-DENV...,ECON:220516081747720
3189,BLDG22-3207,03/07/2022,5/17/2022,3/2/2022,COMMERCIAL,TENANT FINISH,11059 DOVER ST 1300,TF for Rep Fitness,Marcy Forbes,MSCA:220517082633548
3198,BLDG22-3216,07/20/2022,5/17/2022,7/6/2022,COMMERCIAL,TENANT FINISH,905 W 124TH AVE #150,TF for Young Dentistry,"BVB GENERAL CONTRACTORS, LLC",ECON:220517114755800
3230,BLDG22-3248,,5/18/2022,,COMMERCIAL,TENANT FINISH,3053 W 104TH AVE,Interior renovation of the exi...,JACO GENERAL CONTRACTOR,ECON:220518120039636
3238,BLDG22-3256,,5/18/2022,,COMMERCIAL,TENANT FINISH,9975 WADSWORTH PKWY N2,Patio and Dumpster Pad,Christopher Odde,EPRS:220518022531589
3275,BLDG22-3293,07/20/2022,5/19/2022,7/20/2022,COMMERCIAL,TENANT FINISH,8510 BRYANT ST 340,TF for Thriveworks,LIGHTHOUSE CDS LLC,ECON:220519015223305
3278,BLDG22-3296,07/20/2022,5/19/2022,6/27/2022,COMMERCIAL,TENANT FINISH,14375 ORCHARD PKWY #400,TF for The Joint Chiropractor.,KTK GENERAL CONTRACTING LIMITE...,EPRS:220519021645693
3315,BLDG22-3333,08/23/2023,5/23/2022,4/5/2023,COMMERCIAL,TENANT FINISH,14300 ORCHARD PKWY,St. Anthony North - Patient To...,MA MORTENSON COMPANY,ECON:220523093105911
3459,BLDG22-3477,07/20/2022,5/26/2022,7/6/2022,COMMERCIAL,TENANT FINISH,12030 MELODY DR,TF for Cherry Blossom Dental,DENTAL SOLUTIONS,ECON:220526032952803
3521,BLDG22-3539,06/16/2023,5/31/2022,9/12/2022,COMMERCIAL,TENANT FINISH,11751 HURON ST 600,TF for Claremont foods warehou...,ALCORN CONSTRUCTION INC,ECON:220531031302198
3649,BLDG22-3667,07/07/2022,6/6/2022,7/6/2022,COMMERCIAL,TENANT FINISH,11035 DOVER ST 1100,TF for Phase One,"St. John Properties, Inc",ECON:220606044716790
3655,BLDG22-3673,07/22/2022,6/7/2022,7/22/2022,COMMERCIAL,TENANT FINISH,9140 W 100TH AVE #A1,TF for Angels adult day care f...,DAYENU DEVELOPMENT dba JUSLEE ...,EPRS:220607082140787
3677,BLDG22-3695,07/26/2022,6/7/2022,7/26/2022,COMMERCIAL,TENANT FINISH,6030 W 92ND AVE #300,TF for Kuluka Restaurant,SHIKE DESIGN,EPRS:220607021932654
3792,BLDG22-3810,09/12/2022,6/13/2022,9/7/2022,COMMERCIAL,TENANT FINISH,5654 W 88TH AVE,TF for Artistic Fusion Dance A...,CREEKSIDE DEVELOPMENT,EPRS:220613111736209
3811,BLDG22-3829,,6/13/2022,,COMMERCIAL,BUILDING,7155 SHERIDAN BLVD,Walmart Remodel-Remove interio...,,ECON:220613034903760
3812,BLDG22-3830,,6/13/2022,,COMMERCIAL,TENANT FINISH,200 W 136TH AVE,Walmart Remodel-Remove interio...,LK ARCHITECTURE,ECON:220613040239021
3814,BLDG22-3832,07/20/2022,6/13/2022,7/20/2022,COMMERCIAL,TENANT FINISH,14697 DELAWARE ST 240,TF for Edward Jones,MPB CONTRACTORS INC,ECON:220613052433285
3819,BLDG22-3837,06/21/2022,6/14/2022,6/14/2022,COMMERCIAL,SEWER REPAIR,7300 LOWELL BLVD BLDG FIELD,In Yard Sewer Line Repair,STONE AND CONCRETE,ECON:220614091530514
3962,BLDG22-3980,03/04/2023,6/20/2022,7/27/2022,COMMERCIAL,BUILDING,12200 PECOS ST,Remodel of Drivers license off...,BARBA & SONS CONSTRUCTION INC,ECON:220620013450887
3999,BLDG22-4017,10/04/2022,6/21/2022,10/4/2022,COMMERCIAL,TENANT FINISH,9050 W 88TH AVE,Misc repairs/ Occupancy permit...,,EPRS:220621015621338
4005,BLDG22-4022,10/19/2022,6/22/2022,10/19/2022,COMMERCIAL,TENANT FINISH,8414 FEDERAL BLVD,TF for Hype Tea shop,DV CONSTRUCTION LLC,ECON:220622075736731
4069,BLDG22-4086,07/27/2022,6/24/2022,7/19/2022,COMMERCIAL,BUILDING,10955 WESTMOOR DR BLDG 7,Remodel of an existing Ball Ze...,JORDY CONSTRUCTION,ECON:220624043643836
4085,BLDG22-4102,08/16/2022,6/27/2022,8/16/2022,COMMERCIAL,TENANT FINISH,11400 WESTMOOR CIR #220,TF for Engie - Business Office...,Tenant Improvement Constructio...,ECON:220627110446735
4094,BLDG22-4111,09/09/2022,6/27/2022,9/9/2022,COMMERCIAL,TENANT FINISH,11000 WESTMOOR CIR #180,TF for Graduate School of Bank...,Tenant Improvement Constructio...,ECON:220627021532378
4155,BLDG22-4172,07/11/2022,6/30/2022,7/7/2022,COMMERCIAL,SEWER REPAIR,11590 PECOS ST #A,Adding cleanouts to building A...,MASTER ROOTER PLUMBING LLC,ECON:220630085004268
4156,BLDG22-4173,07/07/2022,6/30/2022,7/7/2022,COMMERCIAL,SEWER REPAIR,11590 PECOS ST #C,Adding cleanouts to building C...,MASTER ROOTER PLUMBING LLC,ECON:220630085144308
4157,BLDG22-4174,07/07/2022,6/30/2022,7/7/2022,COMMERCIAL,SEWER REPAIR,11590 PECOS ST #D,Adding cleanouts to building D...,MASTER ROOTER PLUMBING LLC,ECON:220630085301337
4158,BLDG22-4175,07/07/2022,6/30/2022,7/7/2022,COMMERCIAL,SEWER REPAIR,1585 W 115TH AVE #F,Adding cleanouts to building F...,MASTER ROOTER PLUMBING LLC,ECON:220630085456375
4160,BLDG22-4177,07/07/2022,6/30/2022,7/7/2022,COMMERCIAL,SEWER REPAIR,1585 W 115TH AVE #G,Adding cleanouts to building G...,MASTER ROOTER PLUMBING LLC,ECON:220630091649781
4184,BLDG22-4201,10/28/2022,7/1/2022,10/28/2022,COMMERCIAL,BUILDING,14584 ORCHARD PKWY #300,remodel of vanilla shell for f...,MAXWELL BUILDERS INC,EPRS:220701082030959
4195,BLDG22-4212,,7/1/2022,,COMMERCIAL,TENANT FINISH,9975 WADSWORTH PKWY E1,"Installing pegboard on walls, ...",,MSCA:220701123631754
4330,BLDG22-4347,,7/8/2022,,COMMERCIAL,SEWER REPAIR,,repair sewer in private lot,,MSCA:220708083215301
4331,BLDG22-4348,07/14/2022,7/8/2022,7/8/2022,COMMERCIAL,SEWER REPAIR,9400 WADSWORTH PKWY,sewer repair private lot 5' re...,APEX PLUMBING,MSCA:220708083341326
4350,BLDG22-4367,09/09/2022,7/8/2022,9/8/2022,COMMERCIAL,TENANT FINISH,14697 DELAWARE ST 1000,TF for Volcano Ramen + equipme...,WEIQIANG TIAN,ECON:220708031854890
4353,BLDG22-4370,09/07/2022,7/9/2022,7/27/2022,COMMERCIAL,TENANT FINISH,9975 WADSWORTH PKWY M4,Rock Pocketz pool hall bar and...,"ROCK POCKETZ, LLC dba WRECK RO...",ECON:220709121521543
4463,BLDG22-4480,,7/13/2022,,COMMERCIAL,TENANT FINISH,1150 W 120TH AVE #100,TF for Playcore office and pro...,TURN KEY GENERAL CONTRACTORS I...,ECON:220713082134393
4466,BLDG22-4483,,7/13/2022,,COMMERCIAL,TENANT FINISH,8020 SHERIDAN BLVD,TF for COTTAGE MASSAGE,"ZIONE ARCHITECTURAL GROUP, INC",ECON:220713092625350
4499,BLDG22-4516,,7/14/2022,,COMMERCIAL,TENANT FINISH,,TF for Rep Fitness,,MSCA:220714074930491
4540,BLDG22-4557,,7/15/2022,,COMMERCIAL,FIRELINE REPAIR,3031 W 74TH AVE,Repairing existing fire line o...,R NICHOLS CIVIL CONTRACTORS LL...,ECON:220715011817835
4591,BLDG22-4609,,7/19/2022,,COMMERCIAL,ELECTRICAL,13095 PECOS ST,Repair any electrical damaged ...,Joshua Purcell,EPRS:220719111057053
4601,BLDG22-4619,08/22/2022,7/19/2022,8/22/2022,COMMERCIAL,TENANT FINISH,680 W 121ST AVE #110,TF for Amerita,RAINE BUILDING LLC,ECON:220719064810979
4628,BLDG22-4646,10/14/2022,7/21/2022,8/1/2022,COMMERCIAL,BUILDING,4860 W 120TH AVE,Interior remodel of existing W...,WESTEC CONSTRUCTION MANAGEMENT...,ECON:220721082242152
4729,BLDG22-4749,09/15/2022,7/26/2022,9/15/2022,COMMERCIAL,TENANT FINISH,3695 W 72ND AVE,Coffee Shop and Roastery,GLASS ARROW WORKSHOP LLC,ECON:220726085550639
4813,BLDG22-4833,09/08/2022,7/28/2022,9/8/2022,COMMERCIAL,TENANT FINISH,11230 BENTON ST,Clinic renovation at an existi...,VERTIX BUILDERS INC,EPRS:220728095323526
4815,BLDG22-4835,06/16/2023,7/28/2022,12/13/2022,COMMERCIAL,BUILDING,7237 CHURCH RANCH BLVD #406,Demising existing tenant space...,GOLDEN SANDS GENERAL CONTRACTO...,EPRS:220728103116268
4818,BLDG22-4838,,7/28/2022,,COMMERCIAL,TENANT FINISH,8161 W 94TH AVE,TF Salsa express additional ba...,JOSE,ECON:220728120023305
4840,BLDG22-4860,09/14/2022,7/29/2022,9/12/2022,COMMERCIAL,TENANT FINISH,11080 CIRCLE POINT RD #220,TF for Coffman Engineering ste...,Ponderosa Construction Inc,ECON:220729115758412
4876,BLDG22-4896,08/02/2022,8/1/2022,8/2/2022,COMMERCIAL,WATER REPAIR,7701 W 92ND AVE,Installing a water line to the...,AFFORD A ROOTER,ECON:220801033030795
5027,BLDG22-5046,10/04/2022,8/6/2022,10/3/2022,COMMERCIAL,TENANT FINISH,14644 ORCHARD PKWY #1200,"Yukon Ax walls for office, bat...","BASEMENTS AND DECKS R US, LLC",ECON:220806085855029
5050,BLDG22-5069,10/20/2022,8/8/2022,10/20/2022,COMMERCIAL,TENANT FINISH,7237 CHURCH RANCH BLVD #406,TF for Motorola  Ste 406,GOLDEN SANDS GENERAL CONTRACTO...,EPRS:220808023554619
5092,BLDG22-5111,09/14/2022,8/10/2022,9/14/2022,COMMERCIAL,TENANT FINISH,11080 CIRCLE POINT RD #300,TF for DME Forensics,Ponderosa Construction Inc,ECON:220810073515309
5145,BLDG22-5164,09/16/2022,8/11/2022,9/16/2022,COMMERCIAL,TENANT FINISH,7403 CHURCH RANCH BLVD #100,TF for Offen Petroleum suite 1...,COMMERCIAL BUILDING SERVICES,ECON:220811073947793
5187,BLDG22-5206,11/09/2022,8/15/2022,11/7/2022,COMMERCIAL,TENANT FINISH,11300 WESTMOOR CIR BLDG 9,Remodel for CACI Level 3,PATNER CONSTRUCTION INC,ECON:220815111305916
5223,BLDG22-5242,11/07/2022,8/16/2022,11/7/2022,COMMERCIAL,TENANT FINISH,11059 DOVER ST #100,TF for Cerapedics Suite 100 - ...,BOOTS CONSTRUCTION COMPANY,EPRS:220816123718829
5263,BLDG22-5282,,8/17/2022,,COMMERCIAL,ELECTRICAL,6400 W 92ND AVE,Optical Renovation,MG2,ECON:220817093510053
5267,BLDG22-5286,,8/17/2022,,COMMERCIAL,TENANT FINISH,14190 ORCHARD PKWY #120,Access control in tenant space...,Jeffrey Hauet,EPRS:220817105403461
5268,BLDG22-5287,,8/17/2022,,COMMERCIAL,TENANT FINISH,14190 ORCHARD PKWY #200,Access control in tenant space...,Jeffrey Hauet,EPRS:220817110152649
5275,BLDG22-5294,,8/17/2022,,COMMERCIAL,TENANT FINISH,14190 ORCHARD PKWY,Access for Core and Shell,Jeffrey Hauet,EPRS:220817113822441
5277,BLDG22-5296,,8/17/2022,,COMMERCIAL,TENANT FINISH,14190 ORCHARD PKWY #200,Access Control for this tenant...,MOUNTAIN ALARM - FIRE PROTECTI...,EPRS:220817115326134
5281,BLDG22-5300,,8/17/2022,,COMMERCIAL,TENANT FINISH,14190 ORCHARD PKWY #200,Access control in tenant space...,Jeffrey Hauet,EPRS:220817013136992
5282,BLDG22-5301,,8/17/2022,,COMMERCIAL,TENANT FINISH,14190 ORCHARD PKWY,Access Control for this tenant...,Jeffrey Hauet,EPRS:220817013455060
5326,BLDG22-5345,,8/18/2022,,COMMERCIAL,TENANT FINISH,200 W 136TH AVE,Adding new 70amp 208V circuit ...,Justin Collins,EPRS:220818120237598
5375,BLDG22-5394,09/19/2022,8/19/2022,9/19/2022,COMMERCIAL,TENANT FINISH,2831 W 120TH AVE #100,Tiger Sugar Boba Tea,CJ CONSTRUCTION,ECON:220819032416078
5376,BLDG22-5395,10/13/2022,8/19/2022,10/13/2022,COMMERCIAL,TENANT FINISH,10855 DOVER ST #300,CERAPEDICS OFFICE TENANT FINIS...,EGC SERVICES INC,ECON:220819044809256
5427,BLDG22-5446,04/03/2023,8/23/2022,3/27/2023,COMMERCIAL,BUILDING,8901 HARLAN ST,Remodel in existing suite and ...,D & E CONSTRUCTION INC,ECON:220823095144236
5580,BLDG22-5599,,8/30/2022,,COMMERCIAL,TENANT FINISH,9295 FEDERAL BLVD,TF for Lucky Daye Arcade,NCB LLC,ECON:220830113811312
5696,BLDG22-5715,11/08/2022,9/2/2022,11/7/2022,COMMERCIAL,TENANT FINISH,12900 ZUNI ST,TF for Vasa Fitness in previou...,WANER CONSTRUCTION CO INC,EPRS:220902072812045
5726,BLDG22-5745,,9/6/2022,9/22/2022,COMMERCIAL,BUILDING,4650 W 120TH AVE #200,Facade Improvement and Gas Ser...,STEVEN L WILLIAMS CONSTRUCTION,EPRS:220906041843006
5752,BLDG22-5771,09/16/2022,9/7/2022,9/12/2022,COMMERCIAL,BUILDING,9075 W 88TH CIR BLDG 4,Repair footers and mono-posts ...,AGS CONSTRUCTION INC,ECON:220907042931232
5762,BLDG22-5781,10/14/2022,9/8/2022,10/12/2022,COMMERCIAL,BUILDING,12026 MELODY DR,Repair damaged concrete in Per...,AGS CONSTRUCTION INC,ECON:220908084444935
5787,BLDG22-5806,,9/8/2022,9/9/2022,COMMERCIAL,SEWER REPAIR,8300 SHERIDAN BLVD BLDG 18,Cutting and capping a 4 inch s...,DIG BOSS LLC,ECON:220908025018545
5834,BLDG22-5853,10/26/2022,9/9/2022,10/24/2022,COMMERCIAL,TENANT FINISH,10443 TOWN CENTER DR #600,TF for new restaurant Quinto P...,PG ARNOLD CONSTRUCTION,EPRS:220909110950735
5894,BLDG22-5913,03/20/2023,9/12/2022,3/14/2023,COMMERCIAL,BUILDING,6400 W 92ND AVE,Costco - Remodel of kit baking...,ENGINEERED STRUCTURES INC,EPRS:220912034750116
5895,BLDG22-5914,10/24/2022,9/12/2022,10/24/2022,COMMERCIAL,BUILDING,11400 WESTMOOR CIR #210,Vanilla Box for future tenant ...,Tenant Improvement Constructio...,ECON:220912040952384
5922,BLDG22-5941,10/06/2022,9/13/2022,10/6/2022,COMMERCIAL,TENANT FINISH,6515 W 104TH AVE #300,TF for Mile High Hot tubs,BROKERS CONTRACTING INC,EPRS:220913024447646
5941,BLDG22-5962,02/06/2023,9/14/2022,1/30/2023,COMMERCIAL,TENANT FINISH,13648 ORCHARD PKWY #300,"TF for Salon ""Sharkey's Cuts f...",TOGALA CONTRACTOR BUILDER LLC,ECON:220914120818461
6013,BLDG22-6033,09/19/2022,9/16/2022,9/19/2022,COMMERCIAL,WATER REPAIR,3701 W 68TH AVE BLDG A,10'Lx8'Dx5'W excavation in yar...,MASTER ROOTER PLUMBING LLC,ECON:220916102239226
6070,BLDG22-6090,11/03/2022,9/19/2022,11/3/2022,COMMERCIAL,BUILDING,12200 PECOS ST #100,Adams County 1stFloor remodel ...,MARK YOUNG CONSTRUCTION,ECON:220919032813150
6071,BLDG22-6091,12/06/2022,9/19/2022,10/10/2022,COMMERCIAL,TENANT FINISH,8825 EATON ST,TF for Edward Jones,TURN KEY GENERAL CONTRACTORS I...,ECON:220919033640379
6141,BLDG22-6164,09/21/2022,9/21/2022,9/21/2022,COMMERCIAL,WATER REPAIR,7701 W 92ND AVE,Installing a water line in the...,AFFORD A ROOTER,ECON:220921125430945
6196,BLDG22-6219,,9/25/2022,,COMMERCIAL,TENANT FINISH,9140 W 100TH AVE #A1,Plumbing,BRADLEY PLUMBING SYSTEMS INC,ECON:220925115242530
6197,BLDG22-6220,,9/25/2022,,COMMERCIAL,TENANT FINISH,9140 W 100TH AVE #A1,Plumbing,BRADLEY PLUMBING SYSTEMS INC,ECON:220925115844593
6302,BLDG22-6325,10/03/2022,9/29/2022,10/3/2022,COMMERCIAL,WATER REPAIR,581 W 123RD AVE BLDG CH,water line repair,RG Excavating Corp,ECON:220929015332712
6334,BLDG22-6357,,10/3/2022,,COMMERCIAL,TENANT FINISH,680 W 121ST AVE,Plumbing underground/rough in,CUSTOM PLUMBING SYSTEMS,ECON:221003020424362
6428,BLDG22-6451,,10/6/2022,,COMMERCIAL,TENANT FINISH,4650 W 120TH AVE,test,,ECON:221006044113225
6445,BLDG22-6468,10/07/2022,10/7/2022,10/7/2022,COMMERCIAL,WATER REPAIR,8601 ZUNI ST BLDG CH,Domestic water line repair,MILE HIGH DRAIN CLEANING,ECON:221007012130449
6540,BLDG22-6563,04/18/2023,10/11/2022,8/30/2023,COMMERCIAL,BUILDING,14647 DELAWARE ST #670,INTERIOR RENOVATION for vanill...,MAXWELL BUILDERS INC,ECON:221011112646648
6541,BLDG22-6564,,10/11/2022,9/6/2023,COMMERCIAL,BUILDING,14647 DELAWARE ST #700,INTERIOR RENOVATION for future...,MAXWELL BUILDERS INC,ECON:221011114029892
6610,BLDG22-6633,01/26/2023,10/13/2022,11/22/2022,COMMERCIAL,TENANT FINISH,11225 DECATUR ST #101,TF for The Smile Suite Dental ...,HILL COMMERCIAL CONSTRUCTION L...,EPRS:221013094838567
6627,BLDG22-6650,06/07/2023,10/16/2022,11/30/2022,COMMERCIAL,TENANT FINISH,8920 WESTMINSTER BLVD,TF for Inks & Drinks - with re...,SUMMIT CUSTOM BUILDERS INC,EPRS:221016021339438
6769,BLDG22-6792,10/19/2022,10/18/2022,10/19/2022,COMMERCIAL,WATER REPAIR,581 W 123RD AVE BLDG CH,water line repair,RG Excavating Corp,ECON:221018083024563
6829,BLDG22-6852,02/27/2023,10/20/2022,12/6/2022,COMMERCIAL,TENANT FINISH,2741 W 120TH AVE #120,TF for Foothills Endodontics,SEVEN POINT CONSTRUCTION INC,EPRS:221020043416746
6841,BLDG22-6864,12/22/2022,10/21/2022,12/22/2022,COMMERCIAL,BUILDING,10339 FEDERAL BLVD #100,Remodel for Premier Members Cr...,THE NEENAN COMPANY LLLP,EPRS:221021035543437
6848,BLDG22-6871,03/10/2023,10/22/2022,3/9/2023,COMMERCIAL,TENANT FINISH,10443 TOWN CENTER DR #500,TF for Mochinut,MINH NGUYEN,EPRS:221022123106243
6866,BLDG22-6889,10/25/2022,10/24/2022,10/25/2022,COMMERCIAL,SEWER REPAIR,8364 SHERIDAN BLVD,Excavate and repair up to 60 f...,IQ Sewer Tech,ECON:221024123349198
6876,BLDG22-6899,02/28/2023,10/24/2022,2/28/2023,COMMERCIAL,TENANT FINISH,14458 DELAWARE ST #650,TF for Five Below Retail Store,,EPRS:221024032957772
6964,BLDG22-6987,,10/28/2022,,COMMERCIAL,TENANT FINISH,7237 CHURCH RANCH BLVD #406,"Install grilles, registers, di...","BRUCE MECHANICAL OF COLORADO, ...",ECON:221028125536262
6970,BLDG22-6993,02/13/2023,10/28/2022,2/10/2023,COMMERCIAL,TENANT FINISH,6850 FEDERAL BLVD,TF Add wholesale outlet center...,GE JOHNSON CONSTRUCTION CO,ECON:221028035251786
7067,BLDG22-7089,08/05/2023,11/4/2022,11/21/2022,COMMERCIAL,BUILDING,6980 STUART ST BLDG 3,Edgewood  Apts repair fire dam...,JOS CONSTRUCTION SOLUTIONS - B...,ECON:221104010708101
7071,BLDG22-7093,02/15/2023,11/4/2022,1/18/2023,COMMERCIAL,BUILDING,10055 WESTMOOR DR BLDG 1,Ball -Interior remodel of an e...,GE JOHNSON CONSTRUCTION CO,ECON:221104025750971
7095,BLDG22-7117,01/25/2023,11/7/2022,8/24/2023,COMMERCIAL,BUILDING,14583 ORCHARD PKWY #100,Interior Renovation for the sa...,THOMAS GRACE CONSTRUCTION INC,EPRS:221107031146915
7098,BLDG22-7120,01/24/2023,11/7/2022,1/24/2023,COMMERCIAL,TENANT FINISH,4650 W 120TH AVE #200,TF Gap 2 Gap Indoor batting ca...,SAGECOR CONSTRUCTION INC.,EPRS:221107071036690
7190,BLDG22-7212,,11/14/2022,,COMMERCIAL,PLUMBING,4860 W 120TH AVE,Remodel of existing bathrooms ...,ROYAL FLUSH PLUMBING & HEATING...,ECON:221114091319474
7247,BLDG22-7269,,11/15/2022,,COMMERCIAL,TENANT FINISH,14697 DELAWARE ST #1000,"install sinks, connect cooking...",911 ROOTER & PLUMBING,ECON:221115034102934
7262,BLDG22-7284,,11/15/2022,11/28/2022,COMMERCIAL,REROOF,9820 WESTCLIFF PKWY BLDG CH,Tear off section to repair dec...,"MARTINEZ ROOFING, INC",ECON:221115062535112
7283,BLDG22-7305,04/19/2023,11/16/2022,4/13/2023,COMMERCIAL,TENANT FINISH,8780 W 101ST AVE,"TF Mission Yogurt, Build offic...",A & B BUILDERS,EPRS:221116023442984
7325,BLDG22-7347,,11/18/2022,,COMMERCIAL,TENANT FINISH,6975 W 88TH AVE #A,test,CITY OF WESTMINSTER - PERMIT T...,ECON:221118043035760
7333,BLDG22-7355,12/28/2022,11/19/2022,12/28/2022,COMMERCIAL,BUILDING,9052 VANCE ST BLDG CH,Remodel existing Fitness Cente...,PROPAINT CONTRACTORS,EPRS:221119114156388
7336,BLDG22-7358,11/22/2022,11/21/2022,11/22/2022,COMMERCIAL,FIRELINE REPAIR,7701 SHERIDAN BLVD,Emergency 4 inch fire line rep...,PIPE X LLC,ECON:221121082511443
7411,BLDG22-7433,01/20/2023,11/23/2022,12/28/2022,COMMERCIAL,BUILDING,10038 WADSWORTH PKWY,RENOVATIONS TO UPDATE EXISTING...,"IPS RESOURCES, LLC",ECON:221123112142045
7412,BLDG22-7434,,11/23/2022,,COMMERCIAL,TENANT FINISH,1835 W 120TH AVE,HVAC,"CUSTOM HPACES, LLC / TIN-TECH ...",ECON:221123113520164
7450,BLDG22-7472,12/29/2022,11/29/2022,8/16/2023,COMMERCIAL,TENANT FINISH,10398 REED ST #200,Vivo Infusion - No changes. M ...,N/A,EPRS:221129073547642
7494,BLDG22-7516,07/06/2023,12/1/2022,4/13/2023,COMMERCIAL,TENANT FINISH,7131 IRVING ST #S,Cabin Studios - Adding breakro...,EARTH SAVING SOLUTIONS INC,EPRS:221201102724299
7509,BLDG22-7531,12/19/2022,12/1/2022,12/19/2022,COMMERCIAL,BUILDING,6850 FEDERAL BLVD,Goodwill - foundation repair p...,RAM JACK OF COLORADO,ECON:221201045157140
7516,BLDG22-7538,03/08/2023,12/2/2022,2/14/2023,COMMERCIAL,TENANT FINISH,8845 EATON ST,New offices for Sherman Associ...,TURN KEY GENERAL CONTRACTORS I...,ECON:221202112042989
7533,BLDG22-7555,03/10/2023,12/5/2022,3/9/2023,COMMERCIAL,BUILDING,1870 W 122ND AVE #200,Community reach remodel Suite ...,PMG COLORADO LLC,ECON:221205090745863
7540,BLDG22-7562,04/05/2023,12/5/2022,4/5/2023,COMMERCIAL,BUILDING,10393 REED ST,Renovation to kitchen and bar ...,Drury Development Corporation,EPRS:221205122718203
7574,BLDG22-7596,02/01/2023,12/7/2022,1/31/2023,COMMERCIAL,TENANT FINISH,8785 SHERIDAN BLVD,HotWorx Gym. Very simple build...,COMPLETE CONSTRUCTION COMMERCI...,ECON:221207090247476
7594,BLDG22-7616,12/08/2022,12/7/2022,12/8/2022,COMMERCIAL,BUILDING,8290 FEDERAL BLVD #219,Repairs from water loss.,PALACE CONSTRUCTION,EPRS:221207023445289
7658,BLDG22-7680,01/26/2023,12/12/2022,1/23/2023,COMMERCIAL,TENANT FINISH,11080 CIRCLE POINT RD #190,TF for Affordable Insurance Co,Ponderosa Construction Inc,ECON:221212035129232
7660,BLDG22-7682,,12/12/2022,4/25/2023,COMMERCIAL,TENANT FINISH,14694 ORCHARD PKWY #200,TF for Summit Design and Engin...,EDGEWATER CONSTRUCTION COMPANY...,EPRS:221212042355891
7661,BLDG22-7683,01/30/2023,12/12/2022,1/25/2023,COMMERCIAL,TENANT FINISH,14647 DELAWARE ST #1300,TF for Elevate Dance Center,JACKZ CONSTRUCTION dba SEIBEL ...,EPRS:221212053709982
7668,BLDG22-7690,,12/13/2022,,COMMERCIAL,TENANT FINISH,8815 EATON ST,TF for The Alley,SPARK DESIGN BUILD,EPRS:221213095640210
7744,BLDG22-7766,03/28/2023,12/19/2022,3/27/2023,COMMERCIAL,TENANT FINISH,3039 W 74TH AVE,TF for Calzamundo- Minimal whi...,RAYO ELECTRIC INC,ECON:221219015421629
7784,BLDG22-7806,03/27/2023,12/21/2022,1/24/2023,COMMERCIAL,TENANT FINISH,7243 FEDERAL BLVD #900,TF for Sarpino's Pizza,RAM CONSTRUCTION LLC,ECON:221221011304110
7787,BLDG22-7809,12/21/2022,12/21/2022,12/21/2022,COMMERCIAL,SEWER REPAIR,5028 W 92ND AVE,SPOT REPAIR ON THE SEWER SERVI...,DIG BOSS LLC,ECON:221221023105467
7888,BLDG23-0014,01/05/2023,1/3/2023,7/26/2023,COMMERCIAL,TENANT FINISH,9100 VANCE ST BLDG CH,New entry doors to be installe...,IKON CONSTRUCTION OF COLORADO,ECON:230103110217848
7915,BLDG23-0041,,1/4/2023,,COMMERCIAL,TENANT FINISH,12365 HURON ST #200,TF for Arias and Arpeggios Mus...,,EPRS:230104122519688
7954,BLDG23-0080,04/03/2023,1/6/2023,4/3/2023,COMMERCIAL,TENANT FINISH,14458 DELAWARE ST #600,TF for Party City,"BIG SKY CONSTRUCTION GROUP, LL...",ECON:230106094203363
7957,BLDG23-0083,,1/6/2023,1/10/2023,COMMERCIAL,SEWER REPAIR,10555 WESTMOOR DR,"Spot Repair 8"" service line.",L & M UNDERGROUND INC,ECON:230106103745290
7982,BLDG23-0108,05/17/2023,1/9/2023,5/17/2023,COMMERCIAL,TENANT FINISH,8765 WADSWORTH BLVD,Snarf's Sandwich Shop in Exist...,MILO CONSTRUCTION CORPORATION,EPRS:230109095644395
